INSERT INTO OBJ_TYPE (OBJECT_TYPE_ID, PARENT_ID, CODE, NAME, DESCRIPTION) VALUES (1, NULL, 'USER', 'User', NULL);
INSERT INTO OBJ_TYPE (OBJECT_TYPE_ID, PARENT_ID, CODE, NAME, DESCRIPTION) VALUES (2, 1, 'CLIENT', 'Client', NULL);
INSERT INTO OBJ_TYPE (OBJECT_TYPE_ID, PARENT_ID, CODE, NAME, DESCRIPTION) VALUES (3, 1, 'COURIER', 'Courier', NULL);
INSERT INTO OBJ_TYPE (OBJECT_TYPE_ID, PARENT_ID, CODE, NAME, DESCRIPTION) VALUES (4, NULL, 'RESTAURANT', 'Restaurant', NULL);
INSERT INTO OBJ_TYPE (OBJECT_TYPE_ID, PARENT_ID, CODE, NAME, DESCRIPTION) VALUES (5, NULL, 'ORDER', 'Order', NULL);
INSERT INTO OBJ_TYPE (OBJECT_TYPE_ID, PARENT_ID, CODE, NAME, DESCRIPTION) VALUES (6, NULL, 'MENU', 'Menu', NULL);
INSERT INTO OBJ_TYPE (OBJECT_TYPE_ID, PARENT_ID, CODE, NAME, DESCRIPTION) VALUES (7, 6, 'ITEM', 'Item', NULL);
INSERT INTO OBJ_TYPE (OBJECT_TYPE_ID, PARENT_ID, CODE, NAME, DESCRIPTION) VALUES (8, NULL, 'REVIEW', 'Review', NULL);

-- User
INSERT INTO ATTR_TYPE (ATTR_ID, OBJECT_TYPE_ID, OBJECT_TYPE_ID_REF, CODE, NAME) VALUES (100, 1, NULL, 'Login', 'Login of user');
INSERT INTO ATTR_TYPE (ATTR_ID, OBJECT_TYPE_ID, OBJECT_TYPE_ID_REF, CODE, NAME) VALUES (101, 1, NULL, 'Password', 'Password of user');
INSERT INTO ATTR_TYPE (ATTR_ID, OBJECT_TYPE_ID, OBJECT_TYPE_ID_REF, CODE, NAME) VALUES (102, 1, NULL, 'Email', 'Email of the user');
INSERT INTO ATTR_TYPE (ATTR_ID, OBJECT_TYPE_ID, OBJECT_TYPE_ID_REF, CODE, NAME) VALUES (103, 1, NULL, 'Phone_number', 'Phone of the user');
INSERT INTO ATTR_TYPE (ATTR_ID, OBJECT_TYPE_ID, OBJECT_TYPE_ID_REF, CODE, NAME) VALUES (104, 1, NULL, 'Authority', 'Authority of user');
INSERT INTO ATTR_TYPE (ATTR_ID, OBJECT_TYPE_ID, OBJECT_TYPE_ID_REF, CODE, NAME) VALUES (105, 1, NULL, 'Last_name', 'Last name of user');
INSERT INTO ATTR_TYPE (ATTR_ID, OBJECT_TYPE_ID, OBJECT_TYPE_ID_REF, CODE, NAME) VALUES (106, 1, NULL, 'First_name', 'First name of user');

-- Client
INSERT INTO ATTR_TYPE (ATTR_ID, OBJECT_TYPE_ID, OBJECT_TYPE_ID_REF, CODE, NAME) VALUES (200, 2, NULL, 'Default_location', 'Default location of client');
INSERT INTO ATTR_TYPE (ATTR_ID, OBJECT_TYPE_ID, OBJECT_TYPE_ID_REF, CODE, NAME) VALUES (201, 2, NULL, 'Client_rating', 'Rating of client');
INSERT INTO ATTR_TYPE (ATTR_ID, OBJECT_TYPE_ID, OBJECT_TYPE_ID_REF, CODE, NAME) VALUES (202, 2, 2, 'reference', 'Ref');

-- Courier
INSERT INTO ATTR_TYPE (ATTR_ID, OBJECT_TYPE_ID, OBJECT_TYPE_ID_REF, CODE, NAME) VALUES (300, 3, NULL, 'Vehicle', 'Vehicle of courier');
INSERT INTO ATTR_TYPE (ATTR_ID, OBJECT_TYPE_ID, OBJECT_TYPE_ID_REF, CODE, NAME) VALUES (301, 3, NULL, 'Courier_rating', 'Raring of courier');

-- Restaurant
INSERT INTO ATTR_TYPE (ATTR_ID, OBJECT_TYPE_ID, OBJECT_TYPE_ID_REF, CODE, NAME) VALUES (400, 4, NULL, 'Restaurant_title', 'Title of restaurant');
INSERT INTO ATTR_TYPE (ATTR_ID, OBJECT_TYPE_ID, OBJECT_TYPE_ID_REF, CODE, NAME) VALUES (401, 4, NULL, 'Restaurant_location', 'Location of restaurant');
INSERT INTO ATTR_TYPE (ATTR_ID, OBJECT_TYPE_ID, OBJECT_TYPE_ID_REF, CODE, NAME) VALUES (402, 4, NULL, 'Cuisine', 'Cuisine of restaurant');
INSERT INTO ATTR_TYPE (ATTR_ID, OBJECT_TYPE_ID, OBJECT_TYPE_ID_REF, CODE, NAME) VALUES (403, 4, NULL, Null, 'Description of restaurant');
INSERT INTO ATTR_TYPE (ATTR_ID, OBJECT_TYPE_ID, OBJECT_TYPE_ID_REF, CODE, NAME) VALUES (404, 4, NULL, 'Restaurant_status','Status of restaurant');
INSERT INTO ATTR_TYPE (ATTR_ID, OBJECT_TYPE_ID, OBJECT_TYPE_ID_REF, CODE, NAME) VALUES (405, 4, NULL, 'Manager_id','ID of manager');

-- Order
INSERT INTO ATTR_TYPE (ATTR_ID, OBJECT_TYPE_ID, OBJECT_TYPE_ID_REF, CODE, NAME) VALUES (500, 5, NULL, 'Client_id', 'ID of client');
INSERT INTO ATTR_TYPE (ATTR_ID, OBJECT_TYPE_ID, OBJECT_TYPE_ID_REF, CODE, NAME) VALUES (501, 5, NULL, 'Restaurant_id', 'ID of restaurant');
INSERT INTO ATTR_TYPE (ATTR_ID, OBJECT_TYPE_ID, OBJECT_TYPE_ID_REF, CODE, NAME) VALUES (502, 5, NULL, 'Courier_id', 'ID of courier');
INSERT INTO ATTR_TYPE (ATTR_ID, OBJECT_TYPE_ID, OBJECT_TYPE_ID_REF, CODE, NAME) VALUES (503, 5, NULL, 'Order_status', 'Status of order');
INSERT INTO ATTR_TYPE (ATTR_ID, OBJECT_TYPE_ID, OBJECT_TYPE_ID_REF, CODE, NAME) VALUES (504, 5, NULL, 'Order_price', 'Price of order');
INSERT INTO ATTR_TYPE (ATTR_ID, OBJECT_TYPE_ID, OBJECT_TYPE_ID_REF, CODE, NAME) VALUES (505, 5, NULL, 'Client_location', 'Location of client');
INSERT INTO ATTR_TYPE (ATTR_ID, OBJECT_TYPE_ID, OBJECT_TYPE_ID_REF, CODE, NAME) VALUES (506, 5, NULL, 'Payment_method', 'Payment method');

-- Menu
INSERT INTO ATTR_TYPE (ATTR_ID, OBJECT_TYPE_ID, OBJECT_TYPE_ID_REF, CODE, NAME) VALUES (600, 6, NULL, 'Restaurant_id', 'ID of restaurant');
INSERT INTO ATTR_TYPE (ATTR_ID, OBJECT_TYPE_ID, OBJECT_TYPE_ID_REF, CODE, NAME) VALUES (601, 6, NULL, 'Menu_status', 'Status of menu');

-- Item
INSERT INTO ATTR_TYPE (ATTR_ID, OBJECT_TYPE_ID, OBJECT_TYPE_ID_REF, CODE, NAME) VALUES (700, 7, NULL, 'Menu_id', 'ID of menu');
INSERT INTO ATTR_TYPE (ATTR_ID, OBJECT_TYPE_ID, OBJECT_TYPE_ID_REF, CODE, NAME) VALUES (701, 7, NULL, 'Item_title', 'Title of item');
INSERT INTO ATTR_TYPE (ATTR_ID, OBJECT_TYPE_ID, OBJECT_TYPE_ID_REF, CODE, NAME) VALUES (702, 7, NULL, 'Item_price', 'Price of item');
INSERT INTO ATTR_TYPE (ATTR_ID, OBJECT_TYPE_ID, OBJECT_TYPE_ID_REF, CODE, NAME) VALUES (703, 7, NULL, 'Item_description', 'Description of item');
INSERT INTO ATTR_TYPE (ATTR_ID, OBJECT_TYPE_ID, OBJECT_TYPE_ID_REF, CODE, NAME) VALUES (704, 7, NULL, 'Item_composition', 'Composition of item');
INSERT INTO ATTR_TYPE (ATTR_ID, OBJECT_TYPE_ID, OBJECT_TYPE_ID_REF, CODE, NAME) VALUES (705, 7, NULL, 'Weight', 'Weight of item');
INSERT INTO ATTR_TYPE (ATTR_ID, OBJECT_TYPE_ID, OBJECT_TYPE_ID_REF, CODE, NAME) VALUES (706, 7, NULL, 'Spicy', 'The item is spicy');

-- Review
INSERT INTO ATTR_TYPE (ATTR_ID, OBJECT_TYPE_ID, OBJECT_TYPE_ID_REF, CODE, NAME) VALUES (800, 8,NULL, 'Mark','Mark for review');
INSERT INTO ATTR_TYPE (ATTR_ID, OBJECT_TYPE_ID, OBJECT_TYPE_ID_REF, CODE, NAME) VALUES (801, 8,NULL, 'Review_text','Text of review');
INSERT INTO ATTR_TYPE (ATTR_ID, OBJECT_TYPE_ID, OBJECT_TYPE_ID_REF, CODE, NAME) VALUES (802, 8,NULL, 'User_id','ID of user who reviewed');


-- Users authority
INSERT INTO LISTS (ATTR_ID, LIST_VALUE_ID, VALUE) VALUES (104, 1, 'ROLE_ADMIN');
INSERT INTO LISTS (ATTR_ID, LIST_VALUE_ID, VALUE) VALUES (104, 2, 'ROLE_CLIENT');
INSERT INTO LISTS (ATTR_ID, LIST_VALUE_ID, VALUE) VALUES (104, 3, 'ROLE_COURIER');
INSERT INTO LISTS (ATTR_ID, LIST_VALUE_ID, VALUE) VALUES (104, 4, 'ROLE_REST_MANAGER');

-- Orders status
INSERT INTO LISTS (ATTR_ID, LIST_VALUE_ID, VALUE) VALUES (503, 5, 'New');
INSERT INTO LISTS (ATTR_ID, LIST_VALUE_ID, VALUE) VALUES (503, 6, 'Ready for delivery');
INSERT INTO LISTS (ATTR_ID, LIST_VALUE_ID, VALUE) VALUES (503, 7, 'Will take');
INSERT INTO LISTS (ATTR_ID, LIST_VALUE_ID, VALUE) VALUES (503, 8, 'Taken');
INSERT INTO LISTS (ATTR_ID, LIST_VALUE_ID, VALUE) VALUES (503, 9, 'Delivering');
INSERT INTO LISTS (ATTR_ID, LIST_VALUE_ID, VALUE) VALUES (503, 10, 'Delivered');
INSERT INTO LISTS (ATTR_ID, LIST_VALUE_ID, VALUE) VALUES (503, 11, 'Canceled by client');
INSERT INTO LISTS (ATTR_ID, LIST_VALUE_ID, VALUE) VALUES (503, 12, 'Canceled by restaurant');
INSERT INTO LISTS (ATTR_ID, LIST_VALUE_ID, VALUE) VALUES (503, 13, 'Canceled by courier');

-- Restaurants status
INSERT INTO LISTS (ATTR_ID, LIST_VALUE_ID, VALUE) VALUES (404, 14, 'Active');
INSERT INTO LISTS (ATTR_ID, LIST_VALUE_ID, VALUE) VALUES (404, 15, 'Inactive');

-- Menus status
INSERT INTO LISTS (ATTR_ID, LIST_VALUE_ID, VALUE) VALUES (601, 16, 'Active');
INSERT INTO LISTS (ATTR_ID, LIST_VALUE_ID, VALUE) VALUES (601, 17, 'Inactive');

-- Payment methods
INSERT INTO LISTS (ATTR_ID, LIST_VALUE_ID, VALUE) VALUES (506, 18, 'Cash');
INSERT INTO LISTS (ATTR_ID, LIST_VALUE_ID, VALUE) VALUES (506, 19, 'Card');

-- Example of courier
INSERT INTO OBJECTS (OBJECT_ID, PARENT_ID, OBJECT_TYPE_ID, NAME, DESCRIPTION) VALUES (1, 1, 3, 'Yuri_Lev', NULL);
INSERT INTO ATTRIBUTES(ATTR_ID, OBJECT_ID, VALUE, DATE_VALUE, LIST_VALUE_ID) VALUES (100, 1, 'yurilev', NULL, NULL);
INSERT INTO ATTRIBUTES(ATTR_ID, OBJECT_ID, VALUE, DATE_VALUE, LIST_VALUE_ID) VALUES (101, 1, '12345', NULL, NULL);
INSERT INTO ATTRIBUTES(ATTR_ID, OBJECT_ID, VALUE, DATE_VALUE, LIST_VALUE_ID) VALUES (102, 1, 'yuri@gmail.com', NULL, NULL);
INSERT INTO ATTRIBUTES(ATTR_ID, OBJECT_ID, VALUE, DATE_VALUE, LIST_VALUE_ID) VALUES (103, 1, '0930333333', NULL, NULL);
INSERT INTO ATTRIBUTES(ATTR_ID, OBJECT_ID, VALUE, DATE_VALUE, LIST_VALUE_ID) VALUES (104, 1, NULL, NULL, 3);
INSERT INTO ATTRIBUTES(ATTR_ID, OBJECT_ID, VALUE, DATE_VALUE, LIST_VALUE_ID) VALUES (105, 1, 'Lev', NULL, NULL);
INSERT INTO ATTRIBUTES(ATTR_ID, OBJECT_ID, VALUE, DATE_VALUE, LIST_VALUE_ID) VALUES (106, 1, 'Yuri', NULL, NULL);
INSERT INTO ATTRIBUTES(ATTR_ID, OBJECT_ID, VALUE, DATE_VALUE, LIST_VALUE_ID) VALUES (300, 1, 'Bicycle', NULL, NULL);
INSERT INTO ATTRIBUTES(ATTR_ID, OBJECT_ID, VALUE, DATE_VALUE, LIST_VALUE_ID) VALUES (301, 1, '5.0', NULL, NULL);











