INSERT INTO  OBJTYPE (OBJECT_TYPE_ID,PARENT_ID,CODE,NAME,DESCRIPTION) VALUES (1, NULL, 'COURIER', 'Courier', NULL);
INSERT INTO  OBJTYPE (OBJECT_TYPE_ID,PARENT_ID,CODE,NAME,DESCRIPTION) VALUES (2, NULL, 'CLIENT', 'Client', NULL);
INSERT INTO  OBJTYPE (OBJECT_TYPE_ID,PARENT_ID,CODE,NAME,DESCRIPTION) VALUES (3, NULL, 'RESTAURANT', 'Restaurant', NULL);
INSERT INTO  OBJTYPE (OBJECT_TYPE_ID,PARENT_ID,CODE,NAME,DESCRIPTION) VALUES (4, NULL, 'ORDER', 'Order', NULL);
INSERT INTO  OBJTYPE (OBJECT_TYPE_ID,PARENT_ID,CODE,NAME,DESCRIPTION) VALUES (5, NULL, 'REVIEW', 'Review', NULL);
INSERT INTO  OBJTYPE (OBJECT_TYPE_ID,PARENT_ID,CODE,NAME,DESCRIPTION) VALUES (6, NULL, 'MENU', 'Menu', NULL);
INSERT INTO  OBJTYPE (OBJECT_TYPE_ID,PARENT_ID,CODE,NAME,DESCRIPTION) VALUES (7, NULL, 'ITEM', 'Item', NULL);
INSERT INTO  OBJTYPE (OBJECT_TYPE_ID,PARENT_ID,CODE,NAME,DESCRIPTION) VALUES (8, NULL, 'USER', 'User', NULL);

-- Couriers
INSERT INTO ATTRTYPE (ATTR_ID,OBJECT_TYPE_ID,OBJECT_TYPE_ID_REF,CODE,NAME) VALUES (1,1,NULL,'Courier_id','ID of courier');
INSERT INTO ATTRTYPE (ATTR_ID,OBJECT_TYPE_ID,OBJECT_TYPE_ID_REF,CODE,NAME) VALUES (2,1,NULL,'Last_name','Last name of courier');
INSERT INTO ATTRTYPE (ATTR_ID,OBJECT_TYPE_ID,OBJECT_TYPE_ID_REF,CODE,NAME) VALUES (3,1,NULL,'First_name','First name of courier');
INSERT INTO ATTRTYPE (ATTR_ID,OBJECT_TYPE_ID,OBJECT_TYPE_ID_REF,CODE,NAME) VALUES (4,1,NULL,'Phone_number','Phone number of courier');
INSERT INTO ATTRTYPE (ATTR_ID,OBJECT_TYPE_ID,OBJECT_TYPE_ID_REF,CODE,NAME) VALUES (5,1,NULL,'Email','Email of courier');
INSERT INTO ATTRTYPE (ATTR_ID,OBJECT_TYPE_ID,OBJECT_TYPE_ID_REF,CODE,NAME) VALUES (6,1,NULL,'Vehicle','Vehicle of courier');
INSERT INTO ATTRTYPE (ATTR_ID,OBJECT_TYPE_ID,OBJECT_TYPE_ID_REF,CODE,NAME) VALUES (7,1,NULL,'Hire_date','Hire date of courier');
INSERT INTO ATTRTYPE (ATTR_ID,OBJECT_TYPE_ID,OBJECT_TYPE_ID_REF,CODE,NAME) VALUES (8,1,NULL,'Courier_rating','Rating of courier');

-- Clients
INSERT INTO ATTRTYPE (ATTR_ID,OBJECT_TYPE_ID,OBJECT_TYPE_ID_REF,CODE,NAME) VALUES (9,2,NULL,'Client_id','ID of client');
INSERT INTO ATTRTYPE (ATTR_ID,OBJECT_TYPE_ID,OBJECT_TYPE_ID_REF,CODE,NAME) VALUES (10,2,NULL,'Last_name','Last name of client');
INSERT INTO ATTRTYPE (ATTR_ID,OBJECT_TYPE_ID,OBJECT_TYPE_ID_REF,CODE,NAME) VALUES (11,2,NULL,'First_name','First name of client');
INSERT INTO ATTRTYPE (ATTR_ID,OBJECT_TYPE_ID,OBJECT_TYPE_ID_REF,CODE,NAME) VALUES (12,2,NULL,'Phone_number','Phone number of client');
INSERT INTO ATTRTYPE (ATTR_ID,OBJECT_TYPE_ID,OBJECT_TYPE_ID_REF,CODE,NAME) VALUES (13,2,NULL,'Email','Email of client');
INSERT INTO ATTRTYPE (ATTR_ID,OBJECT_TYPE_ID,OBJECT_TYPE_ID_REF,CODE,NAME) VALUES (14,2,NULL,'Default_location','Default location of client');
INSERT INTO ATTRTYPE (ATTR_ID,OBJECT_TYPE_ID,OBJECT_TYPE_ID_REF,CODE,NAME) VALUES (15,2,NULL,'Client_rating','Rating of client');

-- Restaurants
INSERT INTO ATTRTYPE (ATTR_ID,OBJECT_TYPE_ID,OBJECT_TYPE_ID_REF,CODE,NAME) VALUES (16,2,NULL,'Restaurant_id','ID of restaurant');
INSERT INTO ATTRTYPE (ATTR_ID,OBJECT_TYPE_ID,OBJECT_TYPE_ID_REF,CODE,NAME) VALUES (17,3,NULL,'Title','Title of restaurant');
INSERT INTO ATTRTYPE (ATTR_ID,OBJECT_TYPE_ID,OBJECT_TYPE_ID_REF,CODE,NAME) VALUES (18,3,NULL,'Location','Location of restaurant');
INSERT INTO ATTRTYPE (ATTR_ID,OBJECT_TYPE_ID,OBJECT_TYPE_ID_REF,CODE,NAME) VALUES (19,3,NULL,'Cuisine','Cuisine of restaurant');
INSERT INTO ATTRTYPE (ATTR_ID,OBJECT_TYPE_ID,OBJECT_TYPE_ID_REF,CODE,NAME) VALUES (20,3,NULL,'Restaurant_description','Description of restaurant');
INSERT INTO ATTRTYPE (ATTR_ID,OBJECT_TYPE_ID,OBJECT_TYPE_ID_REF,CODE,NAME) VALUES (21,3,NULL,'Restaurant_status','Status of restaurant');
INSERT INTO ATTRTYPE (ATTR_ID,OBJECT_TYPE_ID,OBJECT_TYPE_ID_REF,CODE,NAME) VALUES (22,3,NULL,'Manager_id','ID of manager');

-- Orders
INSERT INTO ATTRTYPE (ATTR_ID,OBJECT_TYPE_ID,OBJECT_TYPE_ID_REF,CODE,NAME) VALUES (23,4,NULL,'Order_id','ID of order');
INSERT INTO ATTRTYPE (ATTR_ID,OBJECT_TYPE_ID,OBJECT_TYPE_ID_REF,CODE,NAME) VALUES (24,4,NULL,'Client_id','ID of client');
INSERT INTO ATTRTYPE (ATTR_ID,OBJECT_TYPE_ID,OBJECT_TYPE_ID_REF,CODE,NAME) VALUES (25,4,NULL,'Restaurant_id','ID of restaurant');
INSERT INTO ATTRTYPE (ATTR_ID,OBJECT_TYPE_ID,OBJECT_TYPE_ID_REF,CODE,NAME) VALUES (26,4,NULL,'Courier_id','ID of courier');
INSERT INTO ATTRTYPE (ATTR_ID,OBJECT_TYPE_ID,OBJECT_TYPE_ID_REF,CODE,NAME) VALUES (27,4,NULL,'Order_status','Status of order');
INSERT INTO ATTRTYPE (ATTR_ID,OBJECT_TYPE_ID,OBJECT_TYPE_ID_REF,CODE,NAME) VALUES (28,4,NULL,'Order_price','Price of order');
INSERT INTO ATTRTYPE (ATTR_ID,OBJECT_TYPE_ID,OBJECT_TYPE_ID_REF,CODE,NAME) VALUES (29,4,NULL,'Client_location','Location of client');
INSERT INTO ATTRTYPE (ATTR_ID,OBJECT_TYPE_ID,OBJECT_TYPE_ID_REF,CODE,NAME) VALUES (30,4,NULL,'Payment_method','Payment method');

-- Reviews
INSERT INTO ATTRTYPE (ATTR_ID,OBJECT_TYPE_ID,OBJECT_TYPE_ID_REF,CODE,NAME) VALUES (31,5,NULL,'Review_id','ID of review');
INSERT INTO ATTRTYPE (ATTR_ID,OBJECT_TYPE_ID,OBJECT_TYPE_ID_REF,CODE,NAME) VALUES (32,5,NULL,'Mark','Mark for review');
INSERT INTO ATTRTYPE (ATTR_ID,OBJECT_TYPE_ID,OBJECT_TYPE_ID_REF,CODE,NAME) VALUES (33,5,NULL,'Review','Text of review');
INSERT INTO ATTRTYPE (ATTR_ID,OBJECT_TYPE_ID,OBJECT_TYPE_ID_REF,CODE,NAME) VALUES (34,5,NULL,'User_id','ID of user who reviewed');

-- Menus
INSERT INTO ATTRTYPE (ATTR_ID,OBJECT_TYPE_ID,OBJECT_TYPE_ID_REF,CODE,NAME) VALUES (35,6,NULL,'Menu_id','ID of menu');
INSERT INTO ATTRTYPE (ATTR_ID,OBJECT_TYPE_ID,OBJECT_TYPE_ID_REF,CODE,NAME) VALUES (36,6,NULL,'Restaurant_id','ID of restaurant');
INSERT INTO ATTRTYPE (ATTR_ID,OBJECT_TYPE_ID,OBJECT_TYPE_ID_REF,CODE,NAME) VALUES (37,6,NULL,'Menu_status','Status of menu');

-- Items
INSERT INTO ATTRTYPE (ATTR_ID,OBJECT_TYPE_ID,OBJECT_TYPE_ID_REF,CODE,NAME) VALUES (38,7,NULL,'Item_id','ID of menu item');
INSERT INTO ATTRTYPE (ATTR_ID,OBJECT_TYPE_ID,OBJECT_TYPE_ID_REF,CODE,NAME) VALUES (38,7,NULL,'Menu_id','ID of menu');
INSERT INTO ATTRTYPE (ATTR_ID,OBJECT_TYPE_ID,OBJECT_TYPE_ID_REF,CODE,NAME) VALUES (40,7,NULL,'Item_title','Title of item');
INSERT INTO ATTRTYPE (ATTR_ID,OBJECT_TYPE_ID,OBJECT_TYPE_ID_REF,CODE,NAME) VALUES (41,7,NULL,'Item_price','Price of item');
INSERT INTO ATTRTYPE (ATTR_ID,OBJECT_TYPE_ID,OBJECT_TYPE_ID_REF,CODE,NAME) VALUES (42,7,NULL,'Item_description', 'Description of item');
INSERT INTO ATTRTYPE (ATTR_ID,OBJECT_TYPE_ID,OBJECT_TYPE_ID_REF,CODE,NAME) VALUES (43,7,NULL,'Composition', 'Composition of item');
INSERT INTO ATTRTYPE (ATTR_ID,OBJECT_TYPE_ID,OBJECT_TYPE_ID_REF,CODE,NAME) VALUES (44,7,NULL,'Weight','Weight of item');
INSERT INTO ATTRTYPE (ATTR_ID,OBJECT_TYPE_ID,OBJECT_TYPE_ID_REF,CODE,NAME) VALUES (45,7,NULL,'Spicy','The item is spicy');

-- Users
INSERT INTO ATTRTYPE (ATTR_ID,OBJECT_TYPE_ID,OBJECT_TYPE_ID_REF,CODE,NAME) VALUES (46,8,NULL,'User_id','Login of user');
INSERT INTO ATTRTYPE (ATTR_ID,OBJECT_TYPE_ID,OBJECT_TYPE_ID_REF,CODE,NAME) VALUES (47,8,NULL,'Login','ID of user');
INSERT INTO ATTRTYPE (ATTR_ID,OBJECT_TYPE_ID,OBJECT_TYPE_ID_REF,CODE,NAME) VALUES (48,8,NULL,'Password','Password of user');
INSERT INTO ATTRTYPE (ATTR_ID,OBJECT_TYPE_ID,OBJECT_TYPE_ID_REF,CODE,NAME) VALUES (49,8,NULL,'Email','Email of the user');
INSERT INTO ATTRTYPE (ATTR_ID,OBJECT_TYPE_ID,OBJECT_TYPE_ID_REF,CODE,NAME) VALUES (50,8,NULL,'Phone','Phone of the user');
INSERT INTO ATTRTYPE (ATTR_ID,OBJECT_TYPE_ID,OBJECT_TYPE_ID_REF,CODE,NAME) VALUES (51,8,NULL,'Authority','Authority of user');



-- Users authority
INSERT INTO LISTS (ATTR_ID, LIST_VALUE_ID, VALUE) VALUES (51, 1, 'ROLE_ADMIN');
INSERT INTO LISTS (ATTR_ID, LIST_VALUE_ID, VALUE) VALUES (51, 2, 'ROLE_CLIENT');
INSERT INTO LISTS (ATTR_ID, LIST_VALUE_ID, VALUE) VALUES (51, 3, 'ROLE_COURIER');
INSERT INTO LISTS (ATTR_ID, LIST_VALUE_ID, VALUE) VALUES (51, 4, 'ROLE_REST_MANAGER');

-- Orders status
INSERT INTO LISTS (ATTR_ID, LIST_VALUE_ID, VALUE) VALUES (27, 5, 'New');
INSERT INTO LISTS (ATTR_ID, LIST_VALUE_ID, VALUE) VALUES (27, 6, 'Ready for delivery');
INSERT INTO LISTS (ATTR_ID, LIST_VALUE_ID, VALUE) VALUES (27, 7, 'Will take');
INSERT INTO LISTS (ATTR_ID, LIST_VALUE_ID, VALUE) VALUES (27, 8, 'Taken');
INSERT INTO LISTS (ATTR_ID, LIST_VALUE_ID, VALUE) VALUES (27, 9, 'Delivering');
INSERT INTO LISTS (ATTR_ID, LIST_VALUE_ID, VALUE) VALUES (27, 10, 'Delivered');
INSERT INTO LISTS (ATTR_ID, LIST_VALUE_ID, VALUE) VALUES (27, 11, 'Canceled by client');
INSERT INTO LISTS (ATTR_ID, LIST_VALUE_ID, VALUE) VALUES (27, 12, 'Canceled by restaurant');
INSERT INTO LISTS (ATTR_ID, LIST_VALUE_ID, VALUE) VALUES (27, 13, 'Canceled by courier');

-- Restaurants status
INSERT INTO LISTS (ATTR_ID, LIST_VALUE_ID, VALUE) VALUES (21, 14, 'Active');
INSERT INTO LISTS (ATTR_ID, LIST_VALUE_ID, VALUE) VALUES (21, 15, 'Inactive');

-- Menus status
INSERT INTO LISTS (ATTR_ID, LIST_VALUE_ID, VALUE) VALUES (37, 16, 'Active');
INSERT INTO LISTS (ATTR_ID, LIST_VALUE_ID, VALUE) VALUES (37, 17, 'Inactive');

-- Payment methods
INSERT INTO LISTS (ATTR_ID, LIST_VALUE_ID, VALUE) VALUES (30, 18, 'Cash');
INSERT INTO LISTS (ATTR_ID, LIST_VALUE_ID, VALUE) VALUES (30, 19, 'Card');



-- Example of courier
INSERT INTO OBJECTS (OBJECT_ID,PARENT_ID,OBJECT_TYPE_ID,NAME,DESCRIPTION) VALUES (1, NULL, 1, 'Yuri Lev', NULL);
INSERT INTO ATTRIBUTES(ATTR_ID,OBJECT_ID,VALUE,DATE_VALUE,list_value_id) VALUES (1, 1, 1000, NULL, NULL);
INSERT INTO ATTRIBUTES(ATTR_ID,OBJECT_ID,VALUE,DATE_VALUE,list_value_id) VALUES (2, 1, 'Lev', NULL, NULL);
INSERT INTO ATTRIBUTES(ATTR_ID,OBJECT_ID,VALUE,DATE_VALUE,list_value_id) VALUES (3, 1, 'Yuri', NULL, NULL);
INSERT INTO ATTRIBUTES(ATTR_ID,OBJECT_ID,VALUE,DATE_VALUE,list_value_id) VALUES (4, 1, '0930333333', NULL, NULL);
INSERT INTO ATTRIBUTES(ATTR_ID,OBJECT_ID,VALUE,DATE_VALUE,list_value_id) VALUES (5, 1, 'yuri@gmail.com', NULL, NULL);
INSERT INTO ATTRIBUTES(ATTR_ID,OBJECT_ID,VALUE,DATE_VALUE,list_value_id) VALUES (6, 1, 'Bicycle', NULL, NULL);
INSERT INTO ATTRIBUTES(ATTR_ID,OBJECT_ID,VALUE,DATE_VALUE,list_value_id) VALUES (7, 1, NULL, TO_DATE('01-11-2019', 'dd-mm-yyyy'), NULL);
INSERT INTO ATTRIBUTES(ATTR_ID,OBJECT_ID,VALUE,DATE_VALUE,list_value_id) VALUES (8, 1, '5.0', NULL, NULL);

-- User Courier
INSERT INTO OBJECTS (OBJECT_ID,PARENT_ID,OBJECT_TYPE_ID,NAME,DESCRIPTION) VALUES (2, NULL, 8, 'Yuri Lev', NULL);
INSERT INTO ATTRIBUTES(ATTR_ID,OBJECT_ID,VALUE,DATE_VALUE,list_value_id) VALUES (46, 2, 1, NULL, NULL);
INSERT INTO ATTRIBUTES(ATTR_ID,OBJECT_ID,VALUE,DATE_VALUE,list_value_id) VALUES (47, 2, 'yurilev', NULL, NULL);
INSERT INTO ATTRIBUTES(ATTR_ID,OBJECT_ID,VALUE,DATE_VALUE,list_value_id) VALUES (48, 2, '1234', NULL, NULL);
INSERT INTO ATTRIBUTES(ATTR_ID,OBJECT_ID,VALUE,DATE_VALUE,list_value_id) VALUES (49, 2, 'yuri@gmail.com', NULL, NULL);
INSERT INTO ATTRIBUTES(ATTR_ID,OBJECT_ID,VALUE,DATE_VALUE,list_value_id) VALUES (50, 2, '0930333333', NULL, NULL);
INSERT INTO ATTRIBUTES(ATTR_ID,OBJECT_ID,VALUE,DATE_VALUE,list_value_id) VALUES (51, 2, NULL, NULL, 3);

-- Example of client
INSERT INTO OBJECTS (OBJECT_ID,PARENT_ID,OBJECT_TYPE_ID,NAME,DESCRIPTION) VALUES (3, NULL, 2, 'Stepan Franko', NULL);
INSERT INTO ATTRIBUTES(ATTR_ID,OBJECT_ID,VALUE,DATE_VALUE,list_value_id) VALUES (9, 3, 2000, NULL, NULL);
INSERT INTO ATTRIBUTES(ATTR_ID,OBJECT_ID,VALUE,DATE_VALUE,list_value_id) VALUES (10, 3, 'Franko', NULL, NULL);
INSERT INTO ATTRIBUTES(ATTR_ID,OBJECT_ID,VALUE,DATE_VALUE,list_value_id) VALUES (11, 3, 'Stepan', NULL, NULL);
INSERT INTO ATTRIBUTES(ATTR_ID,OBJECT_ID,VALUE,DATE_VALUE,list_value_id) VALUES (12, 3, '0930666666', NULL, NULL);
INSERT INTO ATTRIBUTES(ATTR_ID,OBJECT_ID,VALUE,DATE_VALUE,list_value_id) VALUES (13, 3, 'stepan@gmail.com', NULL, NULL);
INSERT INTO ATTRIBUTES(ATTR_ID,OBJECT_ID,VALUE,DATE_VALUE,list_value_id) VALUES (14, 3, 'Bunina, 18', NULL, NULL);
INSERT INTO ATTRIBUTES(ATTR_ID,OBJECT_ID,VALUE,DATE_VALUE,list_value_id) VALUES (15, 3, 5.0, NULL, NULL);

-- User Client
INSERT INTO OBJECTS (OBJECT_ID,PARENT_ID,OBJECT_TYPE_ID,NAME,DESCRIPTION) VALUES (4, NULL, 8, 'Stepan Franko', NULL);
INSERT INTO ATTRIBUTES(ATTR_ID,OBJECT_ID,VALUE,DATE_VALUE,list_value_id) VALUES (46, 4, 2, NULL, NULL);
INSERT INTO ATTRIBUTES(ATTR_ID,OBJECT_ID,VALUE,DATE_VALUE,list_value_id) VALUES (47, 4, 'step', NULL, NULL);
INSERT INTO ATTRIBUTES(ATTR_ID,OBJECT_ID,VALUE,DATE_VALUE,list_value_id) VALUES (48, 4, '1234', NULL, NULL);
INSERT INTO ATTRIBUTES(ATTR_ID,OBJECT_ID,VALUE,DATE_VALUE,list_value_id) VALUES (49, 4, 'stepan@gmail.com', NULL, NULL);
INSERT INTO ATTRIBUTES(ATTR_ID,OBJECT_ID,VALUE,DATE_VALUE,list_value_id) VALUES (50, 4, '093066666', NULL, NULL);
INSERT INTO ATTRIBUTES(ATTR_ID,OBJECT_ID,VALUE,DATE_VALUE,list_value_id) VALUES (51, 4, NULL, NULL, 2);

-- User Admin
INSERT INTO OBJECTS (OBJECT_ID,PARENT_ID,OBJECT_TYPE_ID,NAME,DESCRIPTION) VALUES (5, NULL, 8, 'Admino', NULL);
INSERT INTO ATTRIBUTES(ATTR_ID,OBJECT_ID,VALUE,DATE_VALUE,list_value_id) VALUES (46, 5, 3, NULL, NULL);
INSERT INTO ATTRIBUTES(ATTR_ID,OBJECT_ID,VALUE,DATE_VALUE,list_value_id) VALUES (47, 5, 'admin', NULL, NULL);
INSERT INTO ATTRIBUTES(ATTR_ID,OBJECT_ID,VALUE,DATE_VALUE,list_value_id) VALUES (48, 5, 'admin', NULL, NULL);
INSERT INTO ATTRIBUTES(ATTR_ID,OBJECT_ID,VALUE,DATE_VALUE,list_value_id) VALUES (49, 5, 'admin@gmail.com', NULL, NULL);
INSERT INTO ATTRIBUTES(ATTR_ID,OBJECT_ID,VALUE,DATE_VALUE,list_value_id) VALUES (50, 5, '093066666', NULL, NULL);
INSERT INTO ATTRIBUTES(ATTR_ID,OBJECT_ID,VALUE,DATE_VALUE,list_value_id) VALUES (51, 5, NULL, NULL, 1);

-- Example of restaurant
INSERT INTO OBJECTS (OBJECT_ID,PARENT_ID,OBJECT_TYPE_ID,NAME,DESCRIPTION) VALUES (4, NULL, 3, 'McDonalds', NULL);
INSERT INTO ATTRIBUTES(ATTR_ID,OBJECT_ID,VALUE,DATE_VALUE,list_value_id) VALUES (16, 4, 5000, NULL, NULL);
INSERT INTO ATTRIBUTES(ATTR_ID,OBJECT_ID,VALUE,DATE_VALUE,list_value_id) VALUES (17, 4, 'McDonalds-Deribas', NULL, NULL);
INSERT INTO ATTRIBUTES(ATTR_ID,OBJECT_ID,VALUE,DATE_VALUE,list_value_id) VALUES (18, 4, 'Deribasovskaya, 25', NULL, NULL);
INSERT INTO ATTRIBUTES(ATTR_ID,OBJECT_ID,VALUE,DATE_VALUE,list_value_id) VALUES (19, 4, 'American, fast food', NULL, NULL);
INSERT INTO ATTRIBUTES(ATTR_ID,OBJECT_ID,VALUE,DATE_VALUE,list_value_id) VALUES (20, 4, 'World famous fast food restaurant', NULL, NULL);
INSERT INTO ATTRIBUTES(ATTR_ID,OBJECT_ID,VALUE,DATE_VALUE,list_value_id) VALUES (21, 4, NULL, NULL, 14);
INSERT INTO ATTRIBUTES(ATTR_ID,OBJECT_ID,VALUE,DATE_VALUE,list_value_id) VALUES (22, 4, NULL, NULL, NULL);

-- Example of order
INSERT INTO OBJECTS (OBJECT_ID,PARENT_ID,OBJECT_TYPE_ID,NAME,DESCRIPTION) VALUES (5, NULL, 4, 'Order_1', NULL);
INSERT INTO ATTRIBUTES(ATTR_ID,OBJECT_ID,VALUE,DATE_VALUE,list_value_id) VALUES (23, 5, 10000, NULL, NULL);
INSERT INTO ATTRIBUTES(ATTR_ID,OBJECT_ID,VALUE,DATE_VALUE,list_value_id) VALUES (24, 5, 2000, NULL, NULL);
INSERT INTO ATTRIBUTES(ATTR_ID,OBJECT_ID,VALUE,DATE_VALUE,list_value_id) VALUES (25, 5, 5000, NULL, NULL);
INSERT INTO ATTRIBUTES(ATTR_ID,OBJECT_ID,VALUE,DATE_VALUE,list_value_id) VALUES (26, 5, 1000, NULL, NULL);
INSERT INTO ATTRIBUTES(ATTR_ID,OBJECT_ID,VALUE,DATE_VALUE,list_value_id) VALUES (27, 5, NULL, NULL, 10);
INSERT INTO ATTRIBUTES(ATTR_ID,OBJECT_ID,VALUE,DATE_VALUE,list_value_id) VALUES (28, 5, 250, NULL, NULL);
INSERT INTO ATTRIBUTES(ATTR_ID,OBJECT_ID,VALUE,DATE_VALUE,list_value_id) VALUES (29, 5, 'Kanatnaya, 40', NULL, NULL);
INSERT INTO ATTRIBUTES(ATTR_ID,OBJECT_ID,VALUE,DATE_VALUE,list_value_id) VALUES (30, 5, NULL, NULL, 18);